partition,pooled_preference,pan_preference
0,0.31551375795779318,0.34617132602647754
1,0.33706019052465552,0.37707364896608025
2,0.29826704842485785,0.36298921704689496
3,0.15794217867811555,0.18525362713375398
4,0.30236484006669562,0.34775073974120924
5,0.21738142740434585,0.2637675636186807
6,0.22899925907220095,0.2698547847935493
7,0.36925250484822214,0.39879327510860163
8,0.19938709410162495,0.23946391967346037
9,0.30967469191421093,0.35566165084780632
10,0.26342121565036247,0.31637738616759281
11,0.32470857426505728,0.38418630478460281
12,0.16249655917978476,0.20890883807464719
13,0.29280399055809003,0.35189313834584141
14,0.23887675488792218,0.27601105320356195
15,0.23079717931849722,0.26904365457955637
16,0.17092026327149429,0.20494529685902263
17,0.24458274319481693,0.27704504384154344
18,0.21750762124921799,0.25394854919847032
19,0.21608046662418598,0.25203257150020075
20,0.29196186826196158,0.33658908470703625
21,0.37097368394249952,0.40896159960809964
22,0.26211851741434611,0.27921656608287088
23,0.29070657302275388,0.33449206958852146
24,0.21033846465608624,0.2514493891452787
25,0.2439467705073452,0.29154496673801106
26,0.25391898414158681,0.30779845541747031
27,0.18906048403449777,0.22153592189789734
28,0.19752215239776202,0.24689431736651529
29,0.22283180103203518,0.26467291550154032
30,0.21307864083554875,0.25134664812909402
31,0.33579749437721879,0.37657269931988169
32,0.27388207784140628,0.30734737997736666
33,0.30683907172414571,0.36444998378204513
34,0.2804757217777557,0.31496592635898996
35,0.18468158825359426,0.22378009409320093
36,0.20582496045037818,0.24821051066512531
37,0.22366504713108604,0.27272112696464457
38,0.33744799225650185,0.38899542781661595
39,0.25971494746150298,0.29569330441119568
40,0.25104135357065094,0.30281673481804106
41,0.27989913387300142,0.33371744749952281
42,0.25266597265841118,0.30403966048618519
43,0.23578187476049325,0.29694082783911319
44,0.26735684154657485,0.31945905060011137
45,0.24865065625459359,0.30211739083188349
46,0.29420028372593482,0.3393629241817106
47,0.26786781650082603,0.29803398798847369
48,0.23733290199047466,0.29170111468792648
49,0.26631111461046653,0.32469640357635871
50,0.25880763508603927,0.31000619861926804
51,0.2926205064324372,0.31870399562291918
52,0.3286625798625798,0.38240048304691782
53,0.1893998505303989,0.24483883440670334
54,0.32398713020365971,0.36404549752473003
55,0.30156808138924029,0.34701418689256769
56,0.23687336423405869,0.28114258788471147
57,0.25557287888669478,0.28806870732505824
58,0.2823390550573539,0.3366726330849093
59,0.22707624924613781,0.27217907885214965
60,0.25465223967207745,0.28993920940251128
61,0.29635679689787697,0.34403880083167993
62,0.23735304230682533,0.28074815747068715
63,0.21999667546841761,0.26329232819892767
64,0.30991026532974847,0.36181028598993381
65,0.2989979913730394,0.34111275822258469
66,0.28673281163111308,0.32806804467454798
67,0.30068509332638554,0.34582482373518181
68,0.26892295498292806,0.31689284082666969
69,0.1988399151391774,0.24335146216584203
70,0.24901006589818347,0.28491128128980825
71,0.23896586240734161,0.29305160347166731
72,0.22468664747913028,0.25117350153803164
73,0.23966631609336495,0.27770509256926756
74,0.26072781431815351,0.29228659061057338
75,0.24292108280001823,0.30591999529669439
76,0.29128095138610011,0.33444756930293429
77,0.2572148380377835,0.29824468610757177
78,0.31804396165028848,0.35868073036612569
79,0.28361780942392123,0.33424759456347031
80,0.24690931170050823,0.28759840122693964
81,0.17635231041306551,0.22351075497505357
82,0.20129513519185879,0.24187473443054253
83,0.22771599279423169,0.27475248367093269
84,0.2522962987577469,0.29979526320357763
85,0.24504452016293654,0.28200656878667207
86,0.30356655026198387,0.3267527391062553
87,0.2015802710885308,0.24938359722286313
88,0.23942104202250927,0.27779046802718432
89,0.30251847181152525,0.35559765801148513
90,0.23916473125015653,0.27970990574525001
91,0.20162625240059343,0.23533023493680216
92,0.16399794053485903,0.20752469528356518
93,0.1835013675731049,0.21068432425492584
94,0.26957245898827153,0.31406266822786649
95,0.22407892173118829,0.2666155951946535
96,0.21713855626415421,0.25510168249482112
97,0.2503159770979797,0.27535385190918404
98,0.20187423103946894,0.2430927497923327
99,0.18663525580038443,0.22253208313835032
100,0.25897578282844902,0.31045402901868679
101,0.31317931394717846,0.36304765399671712
102,0.18675374609231066,0.23024501409991993
103,0.21681983477589029,0.25179671753658728
104,0.24219297789072908,0.29293257043895965
105,0.24079149396836338,0.27316946648805418
106,0.1787388015244662,0.2169321802438009
107,0.21360432133951013,0.2502333168849229
108,0.2247852070598336,0.27318983886825338
109,0.34854483101387396,0.4045312134335039
110,0.20442938658504436,0.2501045601195806
111,0.1362466806616951,0.1754749397017287
112,0.18588747213339288,0.23957747299751192
113,0.24432625705813854,0.28474712787148088
114,0.27914309986786051,0.31895439851653568
115,0.27698874334116819,0.32588434604552502
116,0.22314354048934681,0.25867941321088517
117,0.25387507132224052,0.3054481607732209
118,0.30935983000748346,0.34846422235564178
119,0.26932209877698732,0.31144504603207401
120,0.2358090053307435,0.26519538346921584
121,0.30445959426784741,0.36149933676509444
122,0.16518481795395962,0.20686980543504949
123,0.30145313513597455,0.35466551991514372
124,0.24459713089147136,0.286736377136947
125,0.31461278879467997,0.34729267009190679
126,0.34394148322839213,0.38633350010084977
127,0.13752674341647256,0.17451873995870765
128,0.23530884394549664,0.26727339494420083
129,0.22152443256027185,0.25779431462247071
130,0.25473399485181469,0.28956135982979775
131,0.19108523563476892,0.22282282675233539
132,0.34524090945886865,0.38664164120344668
133,0.29432614425148562,0.34105415017698948
134,0.24594398177997426,0.30120126160232025
135,0.36723781839782044,0.40599078049977361
136,0.32508953408320607,0.35749357699875162
137,0.22634935962869798,0.2767890530061905
138,0.28197759722494675,0.30520896604637254
139,0.23760036791926911,0.28124260151133396
140,0.24451817878274679,0.26859831437346138
141,0.29133907305946488,0.35007346104910342
142,0.27561685065545288,0.32627055515144038
143,0.27479875914925456,0.31572546988667755
144,0.28612547094268864,0.33126898986555608
145,0.19787579369902228,0.2491873353082841
146,0.29378230927333165,0.32995117941014251
147,0.31995876508881615,0.37348505489654488
148,0.2707578801915288,0.31646513492622064
149,0.2268850623140802,0.24808333870079821
150,0.22220955608822135,0.26604717962431434
151,0.22870889413779844,0.25688053366898261
152,0.2769457453907323,0.30389732401388114
153,0.24469926805131401,0.30282309151853481
154,0.31854455856134095,0.37120734276034284
155,0.31296132472501625,0.36742951561798065
156,0.33479456951603648,0.39184264016113435
157,0.24110205171907126,0.27260774055317938
158,0.36081911039732301,0.39817403993120881
159,0.26530090742798706,0.2963897230671077
160,0.21735091846619931,0.26062714598999581
161,0.30452069987339436,0.35410552466654521
162,0.24546261460976296,0.28493896203464003
163,0.23573822978357306,0.27565192361438723
164,0.23740518127236665,0.28377729391004314
165,0.17270105756680881,0.20653396493252432
166,0.28619742524257713,0.33044536737752378
167,0.37752912008308492,0.44158170258780766
168,0.28710751378909494,0.34030940523188713
169,0.21505216618769551,0.2654520033076655
170,0.25283956939348851,0.29723016513469053
171,0.2908763957406314,0.3353834930398446
172,0.23668622726868602,0.27434596659890642
173,0.19075040973236482,0.23331253594014326
174,0.3250047713751742,0.34504531977249109
175,0.28881485165295889,0.32880852523390058
176,0.24975899662042558,0.30215385700182185
177,0.16128294513620975,0.20291624016312856
178,0.21338885821288955,0.25027968647366794
179,0.35230826945225757,0.39835851193621896
180,0.23875464289337164,0.26599833593440625
181,0.30962533772135536,0.35717464779628105
182,0.23917539978758118,0.28504472686716475
183,0.27099291959505178,0.29890944442466677
184,0.30203669910753161,0.35151952263194286
185,0.22796343984462517,0.2791744230629033
186,0.30860682758035279,0.35885990808155643
187,0.28114971560456314,0.33212522016691981
188,0.24778086749889719,0.30430148339426405
189,0.20286963362596028,0.24368490801877041
190,0.17531616062445624,0.21261819257728232
191,0.19899956919760831,0.25556552740062322
192,0.21306929962105711,0.25798526435570041
193,0.24569941414170354,0.2891087399388429
194,0.2127027216028978,0.26693974765011647
195,0.33556679763980157,0.38824533251344207
196,0.31091955861908105,0.34269622169489344
197,0.2706604222842196,0.31713324880460675
198,0.27563165652311122,0.31819231471253595
199,0.1998937190193868,0.24541741147225907
200,0.27316100281012917,0.32293561455184328
201,0.22786193361052498,0.26695034281328778
202,0.22455585684899812,0.27877748842854938
203,0.24483702762957246,0.28002677414509164
204,0.19722961267936817,0.24342656940173207
205,0.27793858566137597,0.32055641054573908
206,0.26673929056189727,0.30605897439505092
207,0.2390743224426562,0.28556760398076819
208,0.21363167945355027,0.24665893942061762
209,0.2339259840052913,0.27360449045596935
210,0.26888331281119077,0.30905457928699615
211,0.25359065630156163,0.28665585787106868
212,0.29711768057700133,0.33729361015077153
213,0.18328032036945721,0.22864931355409612
214,0.25627156998051182,0.30820915315997555
215,0.30650855901054536,0.35319616202827303
216,0.24962376255485177,0.29688182697022508
217,0.23147921355161888,0.27798347427692877
218,0.19506899180876636,0.2476148767400049
219,0.24117444726815682,0.28201912232329618
220,0.28331888434932895,0.34003574454301111
221,0.25061201343488626,0.28981015412453837
222,0.26469726029964508,0.28771634668243673
223,0.2182767632784805,0.2546646829358048
224,0.25296602024824488,0.28411971157113419
225,0.3032089489842491,0.35483559505870399
226,0.32815648254200813,0.37544081480031377
227,0.30365252362299511,0.35728831267174688
228,0.33013321595051659,0.36378123691613284
229,0.21995551608697494,0.26597480827150771
230,0.18473628828182645,0.218557967144833
231,0.23413513889974796,0.27767480714981208
232,0.20161015626703199,0.23538026506209775
233,0.35932117912077255,0.38910013177278724
234,0.21500496225403981,0.25684806945003286
235,0.20890402587185,0.26301864786167317
236,0.13760959942029941,0.18596338573024532
237,0.21329717884240348,0.24710806891258114
238,0.25658781367740252,0.30025363546020062
239,0.24668381591992902,0.29872164918796668
240,0.28615714019914484,0.34739084572997447
241,0.24702903678695171,0.2952308016207274
242,0.25606527260467793,0.30422018671801349
243,0.26556979078414938,0.31792969046118741
244,0.25671774503814848,0.27698080717263657
245,0.34872742972621507,0.39935357806633348
246,0.2460023438103553,0.27672525880992005
247,0.23264069335585796,0.28154237842057123
248,0.16740063824548185,0.20958109874725833
249,0.23441216478623716,0.28594554384672199
250,0.2341769587404261,0.26858572115084756
251,0.28310761548424535,0.32127216061142622
252,0.21316636824056434,0.24809804898495416
253,0.22988944103454129,0.26383361189228616
254,0.15921459458705456,0.19818629754034098
255,0.18625781382017217,0.22902299625229836
256,0.10981019132489572,0.15364750154889087
257,0.34872536196456777,0.40193048368523326
258,0.20625169032073468,0.24243413671150796
259,0.31858072878499688,0.36302875174254529
260,0.25590380309196792,0.29302938429483771
261,0.17814905935058936,0.22168943679458494
262,0.27634315561013467,0.32087102532638745
263,0.2426908243725707,0.26917490702091301
264,0.32972571717051835,0.3682789297899729
265,0.34249336140526326,0.40485949648098413
266,0.14850497888182299,0.19223155383877347
267,0.27210946693382232,0.30934973038672703
268,0.17357718467154692,0.21118912398362566
269,0.244438867343795,0.28281980350831148
270,0.25528154542692227,0.31306166095025145
271,0.19642058211217672,0.24696941625673352
272,0.25150675102795805,0.29356246606654446
273,0.15444210450243917,0.19539452025454496
274,0.24890675101743515,0.29474135527763945
275,0.4005440919631949,0.44102414833590431
276,0.19454106612370245,0.23251647150961585
277,0.33724729892196742,0.39030473573872909
278,0.27668965774734844,0.30381703938785476
279,0.2664529976303861,0.30636739247649608
280,0.17422099116617723,0.20657938463909536
281,0.24543888332266023,0.28969660802016145
282,0.27616627697460894,0.33566157451898432
283,0.266645310258951,0.31508804271533825
284,0.19814692735805334,0.2458975290303588
285,0.28087609132977998,0.35046081968427156
286,0.2623456298708578,0.32057888399694101
287,0.3128277847442269,0.34481259603101438
288,0.18903799436035093,0.24288935143511065
289,0.34885279923931067,0.39801285054596763
290,0.25697437979290955,0.28987856029418491
291,0.30806896432651643,0.36617423354538692
292,0.18613008706335896,0.22093101900572579
293,0.27831114166144449,0.3273986789897208
294,0.20040445131770546,0.25371800352607266
295,0.28161296499881494,0.3279641796970359
296,0.21155104351141132,0.24834976639640921
297,0.26480595629720582,0.27937418967794009
298,0.2101791780633436,0.23582822206294912
299,0.29740742842775858,0.35496343114241075
300,0.3795270797395498,0.42879334191387852
301,0.24998234519572995,0.30759571893342452
302,0.22327679696128522,0.26099008674162449
303,0.33901092735059524,0.37627313668537743
304,0.23311484306290656,0.28699080762011192
305,0.29222876707259671,0.33171531188272763
306,0.26161619997550356,0.3110471654442073
307,0.18996720697468072,0.22332629437563495
308,0.27841663579583442,0.32440836028316866
309,0.33733900241981574,0.39038797457085361
310,0.29686345428533062,0.33365422809984141
311,0.24330804503235684,0.29124241162251197
312,0.38407393967223447,0.42870834254296697
313,0.23980485338351851,0.28242718645779225
314,0.30876015842986648,0.35443795166290321
315,0.30591407746326077,0.34846857264762909
316,0.2521053982562792,0.29807083488054348
317,0.26328673854557516,0.29151110457311441
318,0.20868773667889451,0.24856629068137825
319,0.23446926788154607,0.28803165155833366
320,0.25518038942977778,0.30474832565599752
321,0.26225269097784887,0.30126314611410965
322,0.19982511929348454,0.25813269521337162
323,0.31440594850111409,0.36314385215443357
324,0.28066915024710382,0.3197243676219782
325,0.24137814657846693,0.27062316268649639
326,0.24459386190617058,0.26366167603607371
327,0.25395619430014638,0.29248087468303607
328,0.28939312556840535,0.31788269789503759
329,0.24983327822772708,0.29233476963965249
330,0.30522013747253512,0.34955115574684981
331,0.22203675653980062,0.26284782083040636
332,0.21662329914121631,0.25234638500281381
333,0.32733394752122646,0.37895213534399858
334,0.23776581342024883,0.25823074182121231
335,0.22487413971184511,0.27268389320703346
336,0.22492432983840946,0.26436222308269242
337,0.2449919389622553,0.28012115376356667
338,0.23970047007243894,0.29300032254628849
339,0.26177687920416903,0.3140327719080499
340,0.19837191157861925,0.2463966097146002
341,0.19092297567877095,0.23679377347979355
342,0.22320683980914957,0.25205198432560899
343,0.21643855689170158,0.27101375795155275
344,0.23910472010435119,0.29138647832442499
345,0.27171098832947277,0.32323117719270639
346,0.24453271855452727,0.27362280614920503
347,0.30691790612019382,0.33525957656649547
348,0.24159508606169647,0.28708275481410234
349,0.27357691378898075,0.31508925577625324
350,0.22839303489073109,0.27015936769440968
351,0.28317870260861705,0.32710600804682088
352,0.25216079842011163,0.28668879239294964
353,0.28155809673823762,0.33839474843693285
354,0.28066751552167035,0.31794465854661824
355,0.24863511926979706,0.29536527110124877
356,0.2535193182994433,0.27639504615698957
357,0.35677941655705414,0.4100509037786334
358,0.26259762863175373,0.30626865598149577
359,0.27322895036648293,0.31977397923330253
360,0.24899110103197281,0.27689123817697342
361,0.32907813515274476,0.36429216406981868
362,0.24085763811229474,0.29260177092325107
363,0.36289909465191472,0.40415159851171001
364,0.31771984969269473,0.37668466774576093
365,0.16183642413834104,0.18825776916635764
366,0.19931588396878891,0.22532873275903273
367,0.31521338290662942,0.36880822120218637
368,0.2671772644171595,0.30065701065634121
369,0.23691621439263316,0.27644233547681074
370,0.30805526074026035,0.36219887640003573
371,0.26334722572204095,0.30226884223092532
372,0.25311281926176493,0.29498938852688372
373,0.33439789335517994,0.3724055111191043
374,0.30802513605023796,0.3335745702549251
375,0.26584695764884453,0.30451871648418311
376,0.26411530309189124,0.31343764520721434
377,0.30337196160013535,0.33458297215790495
378,0.34709798164067091,0.39484837839541803
379,0.2429566845384655,0.27411431836188355
380,0.22612825338928641,0.2744829276248309
381,0.25653815558415449,0.30446194618577332
382,0.27386357984735848,0.31010036077031389
383,0.19954709805176221,0.25396174533359805
384,0.28454391621253305,0.32540199997030145
385,0.25800789674138347,0.30637526012595168
386,0.26645381725632833,0.30594423611475136
387,0.31013039078085675,0.35426827418593421
388,0.25415437764089843,0.29670135131697217
389,0.19177559032003116,0.2174984947808204
390,0.20661686482842653,0.245561923890105
391,0.24433486431098211,0.28837266359274472
392,0.21783756522431202,0.26891891205455426
393,0.27524485126613407,0.32188985699943368
394,0.26654999539035451,0.30723466469006072
395,0.2231462760728942,0.26636306541918903
396,0.26389003549204981,0.30473012097968699
397,0.33056281905129625,0.36713925444143647
398,0.23683899408878858,0.28395740578359008
399,0.31816122816888809,0.38617061722825136
400,0.35344044739211089,0.39952668797622692
401,0.1785087252755663,0.21843979348342785
402,0.29997769124975027,0.33190362162877479
403,0.145478864174895,0.19069526848458071
404,0.21067007253007511,0.2492931472121919
405,0.23939282299147924,0.29009665223754283
406,0.36913229420705446,0.40882698546418217
407,0.29894003926116869,0.35854185739794753
408,0.24119910262385502,0.28108246935390668
409,0.215040306840839,0.27396877964010297
410,0.26379871719634562,0.30711109260746711
411,0.2875795121045287,0.32691239298727282
412,0.22137837036045427,0.26757667314240141
413,0.22349677650206931,0.2745463164081654
414,0.27959776613919168,0.31893441499061959
415,0.19651141746322837,0.23666290894182737
416,0.18132165728907443,0.23447437182996247
417,0.36354083326699538,0.41508481076140979
418,0.32378647024754403,0.36865252628447137
419,0.2838646559391993,0.32881423124348552
420,0.22630253212164173,0.26331377465782196
421,0.24082437670703866,0.26568536254726549
422,0.23587796272174982,0.2694395924305123
423,0.26076941521018659,0.30761747607794276
424,0.21819935749796421,0.24748526912066576
425,0.26390408344020977,0.29902552077715261
426,0.25919213727878554,0.30137526198213294
427,0.26366702026277744,0.30905438679217484
428,0.31327978471059781,0.36315661603327787
429,0.19210952883146748,0.24627272219240384
430,0.2895965293004642,0.334890224746764
431,0.31702887663179524,0.34937291298055351
432,0.26311684655145279,0.3183201123391618
433,0.16447186356679322,0.20320466072872984
434,0.19141247166913969,0.22276626093923119
435,0.31222998303726573,0.35312297028440437
436,0.21886049831710605,0.26344155946923486
437,0.15613641205236223,0.19705219362053122
438,0.19862656443349228,0.2288682717649006
439,0.25243757264117772,0.28261760321806156
440,0.2708051878441502,0.32423861841890778
441,0.23191581421398108,0.25179328445513177
442,0.30180401108546684,0.33343092510916855
443,0.15942028673204192,0.19818365784386616
444,0.29283078133182494,0.32901541112573135
445,0.34139392545089214,0.38710126709643072
446,0.21846130567570818,0.2738098066299029
447,0.18744194544131595,0.22108324502990492
448,0.17286862866932351,0.21236991313863116
449,0.29931838875020822,0.34269835688744393
450,0.22917827671677626,0.2862934419046998
451,0.24334460239254285,0.29043902432784918
452,0.17571258124405925,0.2134076854178811
453,0.20609248476847239,0.25217131886257671
454,0.26415335499358683,0.30120103511393775
455,0.25002270972082019,0.28566483434373718
456,0.22825768605490537,0.28290770699473505
457,0.25591382909817967,0.29913028883711135
458,0.21714712973747277,0.25799744808435016
459,0.25734306368232496,0.30452996842906654
460,0.26049281732197482,0.29170437719565362
461,0.22013753753675463,0.261323731954135
462,0.28478428716285564,0.33040833405796627
463,0.22216745572803909,0.25875978016120083
464,0.24538858542552389,0.30279068433279133
465,0.24113717283907032,0.29658834742315376
466,0.20453058997645426,0.25302899258378364
467,0.13857421001024148,0.17497847991533733
468,0.29272051259685739,0.33853043429810403
469,0.21720777156037427,0.26631256006453513
470,0.24285682890232121,0.28263849747348663
471,0.28319890446826185,0.33478675310356099
472,0.22355649157759974,0.27606125248330471
473,0.29488883205664546,0.35244599243190095
474,0.30469188936795599,0.35128317574359658
475,0.26951158136318709,0.29881164030685081
476,0.29851991329085309,0.33741051757989937
477,0.19156195432901535,0.24303761218207881
478,0.32405001396218114,0.36895585957103755
479,0.34447196767831212,0.41040559612686006
480,0.22423374351171899,0.26462768366830891
481,0.2581811156529466,0.29084708043348068
482,0.20551328885464976,0.25497376409104899
483,0.24676091849447929,0.2812347434230974
484,0.26167871218865069,0.29083582487801224
485,0.33878352301660214,0.38338868431622097
486,0.16810309801850196,0.20418614805053104
487,0.3334240485849852,0.37825691210386336
488,0.28320739634463893,0.32370155824915792
489,0.28857470823121933,0.32630256803387009
490,0.22733569755255126,0.26733054339033258
491,0.35027523350895462,0.39106598424569361
492,0.25793353120928342,0.28984629682690854
493,0.32415491049174411,0.36981865573545725
494,0.33456352043390369,0.3620776012100807
495,0.22691557720958155,0.27609851245415623
496,0.26234275034822274,0.30992660112796971
497,0.22546888488670966,0.26602451299752522
498,0.2857609145932285,0.3296386235455438
499,0.34809844218319119,0.39200028333286213
500,0.24754181782335544,0.28214737019269442
501,0.28520149665195227,0.32182709664412812
502,0.23669976228669096,0.28406477182137158
503,0.19653561936643255,0.25330473075542059
504,0.33450444762327269,0.38853789120389132
505,0.27769661018654279,0.32506909475482765
506,0.23413954778796156,0.27977655563755921
507,0.25399127449741149,0.29631158847637595
508,0.30877180417323208,0.35734622846835445
509,0.26817703302422347,0.31126084249212732
510,0.28102884029628222,0.32878256419467539
511,0.1610606076984282,0.19824524446703198
512,0.3420569458815233,0.38784185370904062
513,0.22128464413276877,0.25548320397500057
514,0.33228894151907357,0.39965961645728598
515,0.29770360179254562,0.33903341796122716
516,0.26261647967665086,0.3357663336523099
517,0.22394710017556052,0.26239902226929657
518,0.28684440049744186,0.32693268683683202
519,0.27404218996158702,0.30971399697820756
520,0.204835013352687,0.24778571288381879
521,0.26776500754662347,0.31146854273262492
522,0.24293587640963818,0.2947036968370591
523,0.24919883901754078,0.29469186615748239
524,0.24609247030939174,0.29573545409558188
525,0.31256978333090868,0.36448486735322905
526,0.26864505417384033,0.31243223691663952
527,0.33324766313304938,0.38140174456157311
528,0.33560094342031488,0.38243564531320351
529,0.2564822488571844,0.30936974179915672
530,0.29459033786128541,0.32782493526096168
531,0.29954362097311249,0.33354938725405586
532,0.24550689193151706,0.27390514689311019
533,0.32992343648561345,0.3654714115006783
534,0.23383698821849466,0.2780431990382089
535,0.29502721266030796,0.34605363767390129
536,0.27798790112450145,0.30767441954672403
537,0.22915204620572366,0.27337853606279661
538,0.1702234263557032,0.20544205795654771
539,0.25509817901669313,0.29846283683460451
540,0.29269680759786232,0.32841808281571078
541,0.23907181934639707,0.28761470793556421
542,0.30267284975750619,0.34926120754072892
543,0.27673019682003519,0.32599344381092177
544,0.25018955573198309,0.2827985699718959
545,0.22618238993554457,0.2731128942063441
546,0.24694147867643132,0.29420091185479702
547,0.27257547154163342,0.3289170330931106
548,0.18553155536666668,0.22006690814605584
549,0.27163672688470786,0.31524470540735705
550,0.21657600649839487,0.24919256900860776
551,0.2043166147756347,0.22877875708896003
552,0.23415359374202899,0.27073566482502776
553,0.28925600155429393,0.33941933604556712
554,0.25058725692503903,0.28319027736190172
555,0.26972430343388221,0.31227929093675066
556,0.22544455122624948,0.26503967393977712
557,0.25674774222999264,0.29880597274753073
558,0.25617782351976265,0.30507286150273072
559,0.2136446326263092,0.24511420334441658
560,0.14227220547229205,0.18237706695542735
561,0.21825838917764465,0.2517488962333746
562,0.25233403186465608,0.30278547209094064
563,0.20829514508447858,0.25623173357353707
564,0.25783866585174608,0.30515729797249991
565,0.18887526471134045,0.22922648316341959
566,0.28777889982802268,0.32449389022212394
567,0.22041665019076473,0.26132404349549576
568,0.25954701449629247,0.3019222177746167
569,0.26038529495948048,0.31867533504125367
570,0.35795805154424681,0.40364873133414697
571,0.15899745674897436,0.18990217802640547
572,0.28781896851579863,0.32012224880672774
573,0.33974876696692669,0.38192337545856503
574,0.23505806160761622,0.28508998106270572
575,0.20468663457058178,0.23740138588513254
576,0.20293140115457531,0.24730112065659857
577,0.27017644535182017,0.31336093927695363
578,0.31151673873602626,0.3690708758185392
579,0.30124256881505851,0.35521143661058507
580,0.30720678703971654,0.35569519330730637
581,0.22719234211598227,0.28234122239371395
582,0.2150982732232887,0.25059104601987348
583,0.25144446422736089,0.28964700425871281
584,0.1632316176366447,0.2198379117651551
585,0.18982971506668811,0.22637581632438608
586,0.27926605485814215,0.31540132102417595
587,0.25502417317051607,0.29929224767111628
588,0.22758785407620533,0.28806135456104864
589,0.24565318171937151,0.28272262512806401
590,0.19601873752799814,0.24661492792663267
591,0.20779190894267005,0.23997681173796614
592,0.30436676102662874,0.34295887853025947
593,0.24280375456015643,0.30005731223533477
594,0.30385293432971527,0.34125111461583862
595,0.20930616634938456,0.24757801406655078
596,0.29276395092650531,0.33817469726592836
597,0.23768333478065706,0.27722462633584555
598,0.2743491468068408,0.32113934710813175
599,0.19275683875857919,0.23814938411414258
600,0.32072913337594505,0.35754137817094567
601,0.18860749673642208,0.23082467478445642
602,0.20785808807904518,0.23997614167944098
603,0.21653737054056882,0.25981404742722403
604,0.32642169052039893,0.37314310070192636
605,0.2590292386911946,0.31079051656691953
606,0.2472197139346374,0.28964823409328777
607,0.22860565949045919,0.29160164971155644
608,0.19200410931812872,0.21738413988226338
609,0.2494658695855177,0.28407244763058548
610,0.3173927351225001,0.36049035488550302
611,0.24503567479662927,0.29040348670332733
612,0.21998875801319814,0.28326067276479716
613,0.25220886732869857,0.28842866278051227
614,0.28704502732959525,0.33316444876622753
615,0.25703740455465768,0.29745948721045989
616,0.29334502715134658,0.34215578311880446
617,0.27392722454264762,0.32533830811608411
618,0.25525152695537445,0.28149129233647951
619,0.2028211079730515,0.24273757398538026
620,0.21816954204968889,0.26179613081987096
621,0.34036590752445506,0.37800807542203541
622,0.26512183064836753,0.29947485273891039
623,0.21941173882577791,0.27806698394122653
624,0.31421711474782488,0.34225764910837364
625,0.18028557864038652,0.23520922828510885
626,0.20399689199499021,0.25450376149236331
627,0.24144824990862637,0.29272436496439602
628,0.14384689975895273,0.19148354677064536
629,0.2137615987224501,0.26660601113761684
630,0.17992056590229394,0.21399056441590997
631,0.213630371188442,0.24502226437885999
632,0.33479028615023354,0.37087271140811362
633,0.31507197208452542,0.35081481119327212
634,0.17428608334262596,0.21717073118636854
635,0.25365162475740988,0.29550721448864747
636,0.21703924559117707,0.26588783268050442
637,0.28758683850061695,0.33190925604493227
638,0.32735155248311354,0.3781313767431933
639,0.25581028869454625,0.28779319218044508
640,0.26291628036420855,0.30550107095849721
641,0.2170990424253173,0.26502130797499984
642,0.20282291658603888,0.25126004182166106
643,0.22695603767377276,0.26470156810680517
644,0.21814089301121553,0.25864408016145662
645,0.17504471291209522,0.21706370929980967
646,0.22941136504191553,0.27318043614507453
647,0.32734637121452481,0.36888199857215143
648,0.27528975020939328,0.31702973144035451
649,0.28722406488972974,0.31706099939884785
650,0.18349202647037,0.22010196387109768
651,0.22187892896570224,0.26427713523259161
652,0.30010773688589193,0.34396647513817175
653,0.25045854891764852,0.29758208517613399
654,0.22201649670802404,0.25937901641769606
655,0.35931403666652884,0.40877302179608965
656,0.17975181787682346,0.22288885305399439
657,0.19793838397927871,0.23510116817715815
658,0.21198580721028792,0.24028249547776037
659,0.21930066577716684,0.26505205118535746
660,0.21515572658197152,0.25343352253981127
661,0.31370314806453392,0.36849577748785506
662,0.24866298337237916,0.29547363814850297
663,0.19621595886446541,0.25059403059229624
664,0.32139080992364488,0.3696136372511506
665,0.21546901734921703,0.26035172714834542
666,0.23072331559289586,0.2664339797109157
667,0.30354177495838919,0.36039087952706711
668,0.30018152056882297,0.36241571974811854
669,0.2143969274110567,0.26444420045122807
670,0.30202081275348769,0.34117099157838982
671,0.2639806197682979,0.30023155616846686
672,0.27124521962235504,0.33035113384559883
673,0.29558947231148736,0.34647855600159599
674,0.26302756200158572,0.30095629281675607
675,0.31313396679267425,0.36015131824368907
676,0.22745170224762412,0.2632865482750496
677,0.31370659299691833,0.35709149333196122
678,0.23335398572760754,0.2855173408512498
679,0.231096986161235,0.27280783564017164
680,0.23459271671708765,0.28159945158851057
681,0.1680004125082962,0.22139150861882367
682,0.24087008143249428,0.29153565641817247
683,0.22124597591137435,0.27667038838874625
684,0.27712031571844375,0.32037426180064643
685,0.31909308742701092,0.3679138265161187
686,0.18449562206015657,0.22272372752601699
687,0.35703643119060391,0.41146903966274412
688,0.28455649073474598,0.33481117474067934
689,0.16802708973138461,0.21348661402598665
690,0.17283349809579032,0.2335079408189232
691,0.29907196749168136,0.35896703535170493
692,0.26566814909594544,0.31226074350857275
693,0.35268550715935604,0.39519332461406631
694,0.31306997529307878,0.35019634471043753
695,0.18537368564177717,0.22200888373902522
696,0.24773231123852418,0.2952656673082914
697,0.25244856693751361,0.27406808501198276
698,0.23589410518692219,0.27290589608729438
699,0.23329109044501473,0.29694057402823981
700,0.26393434629080414,0.30610683325699961
701,0.32996494781218799,0.37619654716639711
702,0.22817864844406249,0.27982794039838427
703,0.24585793849254733,0.2694206401547336
704,0.23106067173120776,0.27018785574080317
705,0.20779855304785896,0.25328150791039883
706,0.2346288741544546,0.26978908543990132
707,0.18798294357789699,0.22467611407623167
708,0.23466251926505116,0.2730710630760389
709,0.21855796753011358,0.26972061248884049
710,0.28856648789055195,0.33838191810650176
711,0.29698612715850642,0.34063223548960608
712,0.22212120540834857,0.24610031639941449
713,0.20721024786463896,0.23684380580305597
714,0.26416973617456763,0.30410356321282039
715,0.24645484311761615,0.2867157319652468
716,0.33076310757267491,0.37559923897392561
717,0.28158107412599009,0.34097461161709941
718,0.2286134947541619,0.2689064099920227
719,0.16116018677030169,0.21837640523273533
720,0.31487128949242932,0.35194633377615403
721,0.24886839595916016,0.30900311779754241
722,0.26709395979356743,0.30552480791735259
723,0.27866199923445123,0.30811914502210991
724,0.21923247460163894,0.25909583724456697
725,0.29578644309970276,0.33624497019811922
726,0.19177436983210991,0.24384334026435789
727,0.2444851645666293,0.2906335328901265
728,0.28868472198789019,0.33085785129268463
729,0.28215478231349211,0.32222794601721433
730,0.23701462525662825,0.28377190391513019
731,0.31900252182796118,0.3817733713952281
732,0.30148023316235201,0.35272440150284168
733,0.30890689033145835,0.35515598516153396
734,0.16547920829512444,0.2081731208301576
735,0.22077550202734689,0.25076684366833801
736,0.21655517456870388,0.258130660729673
737,0.24440512320553406,0.27652436459328456
738,0.30643668598778462,0.33725980693165897
739,0.31135921171076619,0.34736265216005358
740,0.35490126114787723,0.4086608784293464
741,0.20293142470870201,0.28106344034160813
742,0.23003647764622023,0.2658337773016215
743,0.25788730093224455,0.29429155277181296
744,0.26952704856354404,0.30782101477219043
745,0.26667814144280766,0.32092592302585038
746,0.25695062901630594,0.29578906037258601
747,0.39471817375264895,0.44553175732293443
748,0.23755603035650574,0.28475458974988532
749,0.29183657841617661,0.34861440869787697
750,0.34251334914303139,0.37143373087286491
751,0.34304164146308291,0.38482016434789373
752,0.33861512268782379,0.39472638948396599
753,0.27367980789291457,0.32200995458874243
754,0.32941126447635422,0.36674851365314354
755,0.235882208423108,0.27099417201668613
756,0.25569181807948604,0.3059987906060716
757,0.1774553140398154,0.21484191869534525
758,0.34789067257911926,0.39288649391778047
759,0.34631608638305755,0.40246520166057959
760,0.22511107137015016,0.27347574332267843
761,0.34213088748341547,0.38413351544824814
762,0.28561188806243942,0.33712773366103299
763,0.22207862668808398,0.2485631279305803
764,0.26859208207933438,0.31699158825181356
765,0.23334161952909907,0.27183611607539626
766,0.22178953140525787,0.26447509519081114
767,0.36318501132477488,0.40053976220532755
768,0.19533944760637822,0.24916222487129114
769,0.28935377042313459,0.32779773978227861
770,0.18271517345035507,0.22080148267016422
771,0.19687508323521588,0.22897651169905581
772,0.35471290187363413,0.40520819466032115
773,0.27239104517123736,0.32081359358232325
774,0.22479442497022725,0.26798441169325399
775,0.194127236271225,0.22500054863040425
776,0.25767324335756286,0.30878659275688047
777,0.28841784769405815,0.31839976326343361
778,0.25676805275774062,0.30234920082556033
779,0.27136640271341572,0.30503200298405009
780,0.28383745863188814,0.34339104103215168
781,0.28239258700293945,0.32408612372716306
782,0.30667245144257005,0.34682089514933651
783,0.23712471333478927,0.2773718298668465
784,0.20736467764799937,0.25387253865144954
785,0.30920034324365059,0.35162969444756931
786,0.17234883913803073,0.21231859515519269
787,0.24140267889971875,0.27870344186365725
788,0.2401416196757053,0.28154055032855235
789,0.2365314398468997,0.29300372502097066
790,0.25337180668511461,0.2984213814497752
791,0.218745419199388,0.26238278681715776
792,0.26226702053389073,0.31156348288294378
793,0.300158430526966,0.33331857770624407
794,0.28783678070748597,0.32481971187411002
795,0.18623645295439842,0.23740783194623072
796,0.25346815153954716,0.29099946614431854
797,0.26233928299851572,0.31635455417115621
798,0.25868736727711056,0.30183918620083316
799,0.11843423777528508,0.149991417668074
800,0.21571074854284653,0.25332563404770697
801,0.2502992652455287,0.29839993416609822
802,0.20787996744173926,0.24954195579650681
803,0.26547785290945503,0.30418520341171901
804,0.2639722012883518,0.31905625013795547
805,0.30203650011374084,0.33586387300375842
806,0.2289658930929554,0.28350885636847883
807,0.276354808895656,0.32350648837776397
808,0.15214059197126042,0.19896780745911127
809,0.33511381797278411,0.37691234960230696
810,0.25832930511866126,0.29539350608773074
811,0.18693978943418266,0.23372634899049735
812,0.1388994475235471,0.18456641874738106
813,0.25352978330869469,0.28341810747289109
814,0.24386610061162636,0.29037207387361141
815,0.27836193573555162,0.32872385055333908
816,0.2712537996822515,0.32734731712585308
817,0.32878211462732743,0.37070009347013749
818,0.30862663210289482,0.35642088869682953
819,0.19843384637246883,0.23031890462201088
820,0.20965201601906225,0.25202810893768779
821,0.30461080599291845,0.34379461972162983
822,0.29614628111209501,0.31868864183377416
823,0.11614200327714783,0.16882351131863041
824,0.29628389262457344,0.34614569699898146
825,0.2328637789922037,0.26852187262972527
826,0.25960070659302048,0.31190884093628357
827,0.26958030082261569,0.31493804386684032
828,0.21462517118884267,0.24200300352790388
829,0.15041092758559332,0.18880612996705359
830,0.23878029874274559,0.27137824067041505
831,0.28183225756958535,0.3291029785155194
832,0.29372744010177276,0.34293318610164464
833,0.2282321616966142,0.2846626569289854
834,0.27797758939096162,0.31030929405003171
835,0.27828628082904838,0.30227532885528519
836,0.245892102261805,0.2729710094480684
837,0.17797550102756696,0.21066918320696953
838,0.28990185057012063,0.33129444077415854
839,0.22040789495681251,0.24914538620107135
840,0.23714854147108236,0.28269856956628353
841,0.26091989529051729,0.30328642217412682
842,0.20475141340189673,0.25015534034552001
843,0.30129632881114687,0.34716998196844578
844,0.35085647569691158,0.38511147383505517
845,0.2878030872364411,0.33913567098844266
846,0.20395426909986505,0.25281487752247878
847,0.26769760190454872,0.30168382294017809
848,0.19807668173807516,0.24775615889160174
849,0.27171317091225933,0.32466343980214246
850,0.23008049174531051,0.26611949668688589
851,0.22935616330877864,0.27614419557817982
852,0.25535530085922936,0.29774882810502545
853,0.28445192418896748,0.33012864124417762
854,0.22988748399089029,0.28346822577138697
855,0.37387477528106028,0.41922929912850948
856,0.39138748199800522,0.43506488933532944
857,0.27158603671217246,0.30556230053895422
858,0.25689137403704071,0.30201613064220362
859,0.24175922125243962,0.28323184786337141
860,0.20636682382669155,0.25312683633198629
861,0.21912671225597549,0.25512288403707273
862,0.21989611274098941,0.27344795835153191
863,0.27118033286241333,0.31245555477336767
864,0.28210639958312989,0.32933852140856157
865,0.27132010540592733,0.31181249439842967
866,0.21953387735008195,0.26212605073400341
867,0.24817339377106951,0.28978276290706628
868,0.28957941519603436,0.32511552266807481
869,0.23788583234472785,0.27724427095191312
870,0.26238788342015118,0.31222985359768457
871,0.29815148255958407,0.33819776207689756
872,0.22290443012522512,0.25625390531581249
873,0.25573869387841658,0.30376106929155899
874,0.3022177033979202,0.35086816998705456
875,0.13962068098355157,0.15597155404789378
876,0.27315161640499769,0.31992605728745804
877,0.1852166724873878,0.22767824528530192
878,0.14653575369719404,0.18862048145985497
879,0.19944106798446962,0.23963527463448428
880,0.30306152073669562,0.33568684680852912
881,0.28425110051645547,0.33696188941326716
882,0.28662438699148446,0.32557245068249663
883,0.25000414416788441,0.28402198519087407
884,0.26759170117484438,0.30708581436213145
885,0.24187457009625379,0.2790439590013406
886,0.29339319282981802,0.33406637772588721
887,0.25873906732655427,0.30143981521839608
888,0.33263791707535773,0.39049336048219979
889,0.23492986987302703,0.27594735690850536
890,0.28746671890179065,0.33514617551284381
891,0.27227060742541198,0.29859000231697153
892,0.31068451818259379,0.34727817827000251
893,0.23542989591127778,0.28798266397748129
894,0.2537072749461603,0.3059837026327521
895,0.24605417645416236,0.29737087822760133
896,0.27840356682721989,0.3192514877950795
897,0.23932858629156306,0.27627546446121309
898,0.26625557570525471,0.30420161962866288
899,0.20610650453186657,0.26048448096013965
900,0.23782320930778164,0.26770923776543354
901,0.25384126722776673,0.31405445902537704
902,0.28276973001154659,0.31990266221757457
903,0.19444265558420254,0.24315962165621502
904,0.24765372121657758,0.27815986345011778
905,0.21788397052123576,0.23735110632006293
906,0.23659680943049138,0.28685517140017802
907,0.32398699687129984,0.35077129388728556
908,0.2244443537161297,0.26989413888520608
909,0.20064717802809307,0.24472592685979574
910,0.18277260331900697,0.21192515942890927
911,0.32932176697978516,0.3792156769045914
912,0.23142417023156445,0.27673852242048852
913,0.31263395276588313,0.36896315879617408
914,0.19666194817283933,0.25064348720570584
915,0.23848972067412363,0.27681240822148767
916,0.36691967992113439,0.41176293173053835
917,0.23674761093033098,0.27788611703577493
918,0.28939646556977128,0.31862547778474948
919,0.24889414196843471,0.28815394693251994
920,0.29802798222214333,0.35014824506210951
921,0.31607322628832624,0.35735478404023063
922,0.14029573282402377,0.18005077743633596
923,0.26612502284999473,0.32332573113475299
924,0.20241436407523927,0.23448989278883678
925,0.30482020009619276,0.35041694760832254
926,0.28433539424335663,0.33172304401488489
927,0.25765202421844025,0.30208873729364
928,0.23651470570010777,0.27716489338619216
929,0.34561857460847084,0.39748825311351721
930,0.1686048240094207,0.21284635007760819
931,0.34182513913672563,0.37269327750221753
932,0.238702542717289,0.28885670565704918
933,0.22359548409017338,0.25185983590949867
934,0.20345468378292125,0.25136562039037924
935,0.32915804442081448,0.36537640086523859
936,0.19681185423257438,0.25737374303168847
937,0.33313590785972375,0.3687866498659842
938,0.21726942877387095,0.27441340330997471
939,0.21322802019834178,0.26754139562145429
940,0.26037952161046352,0.31301764166218854
941,0.2611089451130672,0.306117962902202
942,0.21397877343518854,0.26210608012287573
943,0.20099386123247795,0.23472456546196407
944,0.29593439899911256,0.34009346156028686
945,0.29365736409648907,0.33431859027130839
946,0.20658747378918421,0.24309785774397685
947,0.29402136677607055,0.35345835027580186
948,0.29944482317337462,0.33602807004529511
949,0.25102802670293578,0.31013001142289631
950,0.26358538059954811,0.32307307271830865
951,0.35307716222547647,0.39670687064330046
952,0.2929714088394183,0.32363096405295139
953,0.14604984727855541,0.19752690762583858
954,0.20805128028785824,0.2502840893124208
955,0.2991211342842674,0.35050327306828366
956,0.31174394242562681,0.35139757802343558
957,0.18945468898147544,0.21922604472508672
958,0.31945490773458962,0.37317770681078266
959,0.2090917700026324,0.2540670950766884
960,0.23856654163828997,0.29592161645392168
961,0.27584339212244702,0.31723372239453534
962,0.21069018103004827,0.25335583009716656
963,0.21505191861479653,0.24830330075769352
964,0.27170208052163813,0.31305602323476306
965,0.23048664920367604,0.24762269388262578
966,0.14230975100987411,0.16570940517885069
967,0.32442565168040471,0.37769331450478105
968,0.21958381572226546,0.26205275270479284
969,0.21785851527313138,0.27746439218655949
970,0.24053316201928102,0.28761159569322953
971,0.22095899789908238,0.26278602213673252
972,0.20331684693922247,0.24774316169305949
973,0.23285845543093481,0.28175621183214333
974,0.23854397284759993,0.28226843081327291
975,0.25193491868847573,0.30740703666942304
976,0.21499860968222892,0.2594883211195913
977,0.23055769045246854,0.263367247382507
978,0.4071460474324895,0.45055411606721069
979,0.25823447224529322,0.30053463818996051
980,0.21679005809255697,0.26204136213842583
981,0.20561533798139173,0.24057436973192123
982,0.30701757684890507,0.3473356586248314
983,0.25648120755408244,0.28913827475728227
984,0.25052605395192262,0.2893606733812692
985,0.28959463082070869,0.32914139122403685
986,0.20031928279598274,0.24526277667556565
987,0.20166847119335093,0.244170632233431
988,0.19023859459071049,0.22557302355089526
989,0.16318387544288065,0.2022399876659367
990,0.17822354059412215,0.21289922253953206
991,0.21562165729392679,0.24220654900775984
992,0.26646077294032422,0.31194793110669333
993,0.22633004897724246,0.2668365815850719
994,0.20587297562375204,0.23924658542619387
995,0.24853416124128921,0.3171950621570252
996,0.35285490730939056,0.39479399082232003
997,0.31492575218195379,0.3474465424747516
998,0.32813342376127597,0.37012509879948646
999,0.21637563566626866,0.27128913969172569
