Treatment,n_dose_groups,spearman_rho
3_Azido_3_Deoxythymidine,8,-0.119047619047619
5_Fluorouracil,8,-0.1077863635721933
Acetaminophen,8,-0.523809523809524
Acetylsalicylic_acid,8,-0.2380952380952381
Acyclovir,8,0.1428571428571428
Amiodarone,8,-0.1676676766678562
Amitriptyline,6,0.3188740696088466
Amoxicillin,8,-0.4431217169079058
Amphotericin_B,4,-0.1054092553389459
Atenolol,8,0.3095238095238095
Bepridil,7,0.7500000000000002
Bortezomib,8,-0.1904761904761905
Buspirone,8,-0.0239525252382651
Cisapride,8,-0.3333333333333334
Clozapine,7,0.25
Cyclophosphamide,8,0.3712641411931102
Dasatinib,6,0.0289885517826224
Digoxin,8,-0.119047619047619
Diltiazem,8,0.2857142857142857
Dobutamine,8,0.7857142857142858
Dopamine,5,0.0999999999999999
Doxorubicin,7,0.25
Enalapril,8,0.119047619047619
Epinephrine,8,-0.2380952380952381
Furosemide,8,-0.6904761904761906
Idarubicin,5,0.0999999999999999
Imatinib,7,0.6071428571428572
Isoproterenol,8,-0.4761904761904762
Lapatinib,6,0.2571428571428572
Levosimendan,8,-0.5952380952380953
Lidocaine,8,0.8333333333333335
Mitomycin_C,6,-0.7142857142857143
Mitoxantrone,8,-0.3095238095238095
Nifedipine,8,-0.1666666666666667
Propranolol,7,0.8214285714285715
Rofecoxib,8,-0.2634777776209169
Rosiglitazone,8,0.4285714285714286
Sildenafil,8,0.7380952380952381
Sotalol,8,0.7380952380952381
Sunitinib,7,-0.3214285714285715
Tolbutamide,8,-0.8571428571428572
Verapamil,6,0.4857142857142857
