ligand,n_paired_organoids,median_force_24h,mean_frozen_score,ligand_class
"7a,25-OHC",5,0.977748296,33.89853664648868,Lipid mediator
AA,5,0.877609984,-19.5400069402518,Lipid mediator
ADM,5,1.111690011,12.59702538467058,Peptide hormone/Neuropeptide
ANGPT-1,5,0.980255336,91.7919103687734,Growth factor
ANP,4,1.00724095,42.84315894717705,
ATP,5,1.044747002,42.98327614336736,Catecholamine/Neurotransmitter
Activin A,3,0.877334927,140.1891404734453,Growth factor
Adenosine,4,0.858082265,88.53579949313409,Catecholamine/Neurotransmitter
Adipo,5,1.020077883,58.92404614687663,Peptide hormone/Neuropeptide
Adrenaline,5,1.448867536,21.415785814762,Catecholamine/Neurotransmitter
AngII,4,1.1401645045,32.44829281308053,Peptide hormone/Neuropeptide
Apelin,5,1.007589501,-13.20812139856472,Peptide hormone/Neuropeptide
ApoE,4,0.932382264,96.6491705905733,Lipid mediator
BDNF,5,0.967563462,110.1225812446692,Growth factor
BMP-2,4,0.988046249,16.54817941044973,Growth factor
BMP-4,5,1.021705331,107.2184673310791,Growth factor
BNP,5,1.085106856,54.06127221688698,
CCh,5,1.125406752,12.86839931729545,Chemical compound
CNP,4,1.043327898,60.013602758739,Peptide hormone/Neuropeptide
CNTF,5,1.187583259,-158.6078248604228,Cytokine/Chemokine
CXCL12,4,1.0550028605,-37.77587669932825,Cytokine/Chemokine
Chemerin,4,0.9244596075,56.22980956285987,Peptide hormone/Neuropeptide
DKK-1,7,1.041902732,23.23608816053421,Growth factor
Dopamine,5,1.640440281,-849.2041735091188,Catecholamine/Neurotransmitter
EGF,5,1.129865886,-51.77203732917034,Growth factor
ET-1,5,1.86876748,-158.2229501884444,Peptide hormone/Neuropeptide
ET-2,5,1.903314194,-209.4425013563337,Peptide hormone/Neuropeptide
ET-3,4,1.8214749315,-140.3528708380463,Peptide hormone/Neuropeptide
FGF-1,5,1.026441071,15.24544299290085,Growth factor
FGF-2,4,1.2718105455,-196.5849869770583,Growth factor
FPP,4,1.1557208035,-30.81621871353464,Lipid mediator
Fenoldopam,5,1.523048058,-33.44924894995016,Chemical compound
GDNF,5,0.946116155,60.80443081791834,Growth factor
GH,4,0.9324424235,133.517166640204,Growth factor
GIP,4,0.994191607,69.51758521624754,Peptide hormone/Neuropeptide
Galectin-3,5,1.021416113,19.19121385234194,Cytokine/Chemokine
HGF,5,0.989967035,54.18321154190826,Growth factor
Histamine,5,1.547200117,-116.8888270478724,Catecholamine/Neurotransmitter
IFN-β,4,1.1689909645,55.57807875886115,Cytokine/Chemokine
IFN-γ,5,1.118705207,219.6693653930216,Cytokine/Chemokine
IFN-λ1,4,0.9396952485,94.58041213083531,Cytokine/Chemokine
IGF-1,5,1.118482435,-10.49003226579609,Peptide hormone/Neuropeptide
IL-13,5,0.924942907,76.58359178199055,Cytokine/Chemokine
IL-17A,4,0.9804747945,53.28362789625169,Cytokine/Chemokine
IL-4,5,1.024880944,54.91625539044891,Cytokine/Chemokine
IL-6,5,1.216027064,-37.13458485448097,Cytokine/Chemokine
Iloprost,5,1.023176457,9.748819493576333,Chemical compound
Insulin,3,1.252988938,-88.32333188662075,Peptide hormone/Neuropeptide
Isoprenaline,5,1.398581834,6.516627504317405,Chemical compound
LIF,5,1.29132068,-219.3334942369769,Cytokine/Chemokine
LPA,5,0.977179969,-28.12030711792602,Lipid mediator
LTB4,5,0.930750693,59.56539624324965,Lipid mediator
Leptin,5,1.020138363,-0.8715357680409411,Cytokine/Chemokine
MDK,3,0.880229674,52.99134875262521,Cytokine/Chemokine
MRS2365,5,1.195570521,51.58676039626557,Chemical compound
NECA,5,0.903140256,47.45419230592269,Chemical compound
NGF-β,4,1.0288346425,31.50962012480425,Growth factor
NPY,5,1.213361338,-2.777004161322187,Peptide hormone/Neuropeptide
NRG-1,5,1.575845453,-106.0691626357118,Growth factor
Noradrenaline,5,1.643586317,-113.5222765414373,Catecholamine/Neurotransmitter
OXT,4,1.0003651535,24.20907277312003,Peptide hormone/Neuropeptide
Ozanimod,5,0.855633228,68.73909016678388,Chemical compound
PACAP-27,5,1.194059537,23.67941368866778,Peptide hormone/Neuropeptide
PAR1,4,1.0753751905,-209.4302189370576,Peptide hormone/Neuropeptide
PDGF-AA,5,0.977161904,39.72879792491393,Growth factor
PDGF-BB,5,1.125264773,-176.8711148060831,Growth factor
PEDF,5,0.970002474,46.41502170989228,Growth factor
PGE2,5,1.318848089,37.17386516499307,Lipid mediator
PLG,5,1.2241612,-81.74838966110286,Protease
PTH,5,1.07527082,42.62261934408669,Peptide hormone/Neuropeptide
Phenylephrine,5,1.444677956,0.9478836901467858,Chemical compound
Pleiotrophin,5,1.094805331,3.683415390526849,Cytokine/Chemokine
RSPO-1,5,1.112415623,-60.38206147989852,Growth factor
SHH,4,1.0974686955,-22.99367082407542,Growth factor
TGF-β1,4,1.018313978,29.62268946673639,Growth factor
TNF-a,5,1.092168561,-54.57877732161704,Cytokine/Chemokine
TRAIL,5,1.097502296,56.34559332094027,Cytokine/Chemokine
Thrombin,5,1.27637637,-241.5921565591772,Protease
VEGF-A121,5,1.169522213,-15.91028573234181,Growth factor
VEGF-A165,5,1.211937634,-55.06005772912802,Growth factor
VEGF-C,3,1.1426419,-38.49394316968661,Growth factor
β-CGRP,4,1.02399405,65.6167755418827,Peptide hormone/Neuropeptide
